{"cameraMode":{"drawMode":0,"name":"Shaded","section":"Shading Mode"},"sceneLighting":true,"audioPlay":false,"sceneViewState":{"showFog":true,"showMaterialUpdate":false,"showSkybox":true,"showFlares":true,"showImageEffects":true,"showParticleSystems":true},"in2DMode":false,"pivot":{"x":-10.228645324707032,"y":-5.72467041015625,"z":-71.01535034179688},"rotation":{"x":-0.16627460718154908,"y":0.7311545610427856,"z":-0.19200725853443147,"w":-0.6331659555435181},"size":128.19308471679688,"orthographic":false}